{
  "jd": 2461132,
  "sun": 11.77545964272673,
  "moon": 184.84521104597752,
  "mars": 339.97665693910164,
  "mercury": 249.25252632355262,
  "venus": 51.618636917081176,
  "saturn": 4.494673879212826,
  "jupiter": 116.41067964797878,
  "rahu": 337.37680437393294
}