{
  "jd": 2461131,
  "sun": 10.788187224008936,
  "moon": 172.03624328686146,
  "mars": 339.3502178635571,
  "mercury": 246.44026758926145,
  "venus": 49.95063243063993,
  "saturn": 4.460972950017947,
  "jupiter": 116.32910500356684,
  "rahu": 337.4297581387735
}